CostCenterCode,LocationCode,CDSCode,School,Charter,SchoolYear,BeforeSchoolGrantProgram,AfterSchoolGeneralFundedPrograms,AfterSchoolGrantProgram
1194801,1948,19647336060461,Lowman Sp Ed & CTC,Traditional Schools,2021-2022,NA,Youth Services,LA's BEST
1194901,1949,19647336060529,Marlton School,Traditional Schools,2021-2022,NA,NA,LA's BEST
1201401,2014,19647336015705,Albion St El,Traditional Schools,2021-2022,Ready-Set-Go!,Youth Services,LA's BEST
1202701,2027,19647336015713,Aldama El,Traditional Schools,2021-2022,NA,Youth Services,LA's BEST
1204101,2041,19647336015721,Alexandria Ave El,Traditional Schools,2021-2022,Ready-Set-Go!,Youth Services,Youth Development Program
1204201,2042,19647330109314,Harvard El,Traditional Schools,2021-2022,NA,Youth Services,LA's BEST
1206801,2068,19647336015739,Allesandro El,Traditional Schools,2021-2022,Ready-Set-Go!,Youth Services,LA's BEST
1208201,2082,19647336015747,Alta Loma El,Traditional Schools,2021-2022,Ready-Set-Go!,Youth Services,LA's BEST
1208901,2089,19647336015754,Ambler Ave El,Traditional Schools,2021-2022,NA,Youth Services,Gang Alternatives Program
1209601,2096,19647336015762,Amestoy El,Traditional Schools,2021-2022,NA,Youth Services,Youth Development Program
1211001,2110,19647336015770,Anatola Ave El,Traditional Schools,2021-2022,NA,Youth Services,LA's BEST
1211701,2117,19647336015796,Andasol Ave El,Traditional Schools,2021-2022,NA,Youth Services,L.A. Conservation Corps
1212301,2123,19647336015804,Angeles Mesa El,Traditional Schools,2021-2022,NA,Youth Services,Youth Development Program
1213701,2137,19647336015812,Ann St El,Traditional Schools,2021-2022,NA,Youth Services,LA's BEST
1214601,2146,19647336015820,Annalee Ave El,Traditional Schools,2021-2022,NA,Youth Services,Youth Development Program
1215101,2151,19647336015838,Annandale El,Traditional Schools,2021-2022,NA,Youth Services,LA's BEST
1216401,2164,19647336015846,Apperson St El,Traditional Schools,2021-2022,NA,Youth Services,NA
1217801,2178,19647336015853,Aragon Ave El,Traditional Schools,2021-2022,Ready-Set-Go!,Youth Services,LA's BEST
1219201,2192,19647336015861,Arlington Hts El,Traditional Schools,2021-2022,NA,Youth Services,LA's BEST
1220501,2205,19647336015879,Arminta St El,Traditional Schools,2021-2022,NA,Youth Services,LA's BEST
1221901,2219,19647336015887,Ascot Ave El,Traditional Schools,2021-2022,Ready-Set-Go!,Youth Services,Youth Development Program
1223301,2233,19647336015895,Atwater Ave El,Traditional Schools,2021-2022,NA,Youth Services,LA's BEST
1224701,2247,19647336015903,Avalon Gardens El,Traditional Schools,2021-2022,NA,Youth Services,Youth Development Program
1225001,2250,19647330125096,Acad Enrich Sci Mag,Traditional Schools,2021-2022,NA,Youth Services,NA
1226901,2269,19647336100069,Balboa El G/HG/HA Mag,Traditional Schools,2021-2022,NA,Youth Services,NA
1227401,2274,19647336015929,Baldwin Hills El,Traditional Schools,2021-2022,Ready-Set-Go!,Youth Services,LA's BEST
1228801,2288,19647336015945,Bandini St El,Traditional Schools,2021-2022,Ready-Set-Go!,Youth Services,LA's BEST
1230101,2301,19647330111955,De la Torre Jr El,Traditional Schools,2021-2022,NA,Youth Services,Woodcraft Rangers
1230201,2302,19647330126441,Obama El,Traditional Schools,2021-2022,NA,Youth Services,LA's BEST
1230301,2303,19647330126607,Porter Ranch School,Traditional Schools,2021-2022,NA,Youth Services,NA
1230601,2306,19647330126383,Playa Vista El,Traditional Schools,2021-2022,NA,Youth Services,NA
1230701,2307,19647330128710,Lee El Med Hlth Mag,Traditional Schools,2021-2022,NA,Youth Services,Creative Brain Learning
1230801,2308,19647330126375,Ride El Smart Acad,Traditional Schools,2021-2022,NA,Youth Services,LA's BEST
1230901,2309,19647330126409,Willow El,Traditional Schools,2021-2022,NA,Youth Services,Youth Development Program
1231101,2311,19647330126417,Poindexter LaMotte El,Traditional Schools,2021-2022,NA,Youth Services,LA's BEST
1231201,2312,19647330126425,Lawson Acad A/M/S El,Traditional Schools,2021-2022,NA,Youth Services,LA's BEST
1231301,2313,19647330126433,Moore M/S/T Acad,Traditional Schools,2021-2022,NA,Youth Services,Keep Youth Doing Something
1231501,2315,19647336015952,Barton Hill El,Traditional Schools,2021-2022,Ready-Set-Go!,Youth Services,Boys & Girls Club of LA Harbor
1232301,2323,19647336015960,Bassett St El,Traditional Schools,2021-2022,NA,Youth Services,LA's BEST
1232901,2329,19647336015978,Beachy Ave El,Traditional Schools,2021-2022,NA,Youth Services,Woodcraft Rangers
1233501,2335,19647336015986,Beckford CES,Affiliated Charters,2021-2022,NA,Youth Services,NA
1234201,2342,19647336015994,Beethoven St El,Traditional Schools,2021-2022,NA,Youth Services,STAR Education
1864311,2345,NA,Franklin HS,Traditional Schools,2021-2022,NA,Youth Services,NA
1236901,2369,19647330121103,RFK Ambsdr Glbl Edu,Traditional Schools,2021-2022,NA,Youth Services,Youth Development Program
1237201,2372,19647336118186,Ochoa LC,Traditional Schools,2021-2022,NA,Youth Services,YS Plus
1237501,2375,19647336107411,Hughes El,Traditional Schools,2021-2022,NA,Youth Services,Youth Development Program
1237801,2378,19647336110274,Nueva Vista El,Traditional Schools,2021-2022,NA,Youth Services,Youth Development Program
1238101,2381,19647330109363,Maywood El,Traditional Schools,2021-2022,NA,Youth Services,Youth Development Program
1238301,2383,19647336110969,Esperanza El,Traditional Schools,2021-2022,Ready-Set-Go!,Youth Services,LA's BEST
1238401,2384,19647336110266,Politi El,Traditional Schools,2021-2022,Ready-Set-Go!,Youth Services,LA's BEST
1238501,2385,19647336113419,Gratts LA for YS,Traditional Schools,2021-2022,NA,Youth Services,LA's BEST
1238601,2386,19647330111971,Del Olmo El,Traditional Schools,2021-2022,NA,Youth Services,A World Fit For Kids!
1239101,2391,19647330111997,Huntngtn Pk El,Traditional Schools,2021-2022,NA,Youth Services,Woodcraft Rangers
1239201,2392,19647330109181,Olympic PC,Traditional Schools,2021-2022,NA,NA,Youth Development Program
1239301,2393,19647330109199,Lake St Primary,Traditional Schools,2021-2022,NA,NA,Youth Development Program
1239701,2397,19647336016018,Belvedere El,Traditional Schools,2021-2022,NA,Youth Services,Youth Development Program
1243801,2438,19647336016026,Bertrand Ave El,Traditional Schools,2021-2022,NA,Youth Services,Youth Development Program
1247001,2470,19647336016034,Blythe St El,Traditional Schools,2021-2022,NA,Youth Services,Boys & Girls Club of Carson
1247301,2473,19647336016042,Bonita St El,Traditional Schools,2021-2022,NA,Youth Services,Boys & Girls Club of Carson
1247901,2479,19647336016059,Braddock Dr El,Traditional Schools,2021-2022,Ready-Set-Go!,Youth Services,LA's BEST
1248601,2486,19647336016067,Brainard El,Traditional Schools,2021-2022,NA,Youth Services,Youth Development Program
1249301,2493,19647336016075,Breed St El,Traditional Schools,2021-2022,Ready-Set-Go!,Youth Services,Keep Youth Doing Something
1250701,2507,19647336016083,Brentwood El Sci Mag,Traditional Schools,2021-2022,NA,Youth Services,STAR Education
1252101,2521,19647336016091,Bridge St El,Traditional Schools,2021-2022,Ready-Set-Go!,Youth Services,LA's BEST
1252701,2527,19647336016109,Broad Ave El,Traditional Schools,2021-2022,Ready-Set-Go!,Youth Services,LA's BEST
1253001,2530,19647336016117,Broadacres Av El,Traditional Schools,2021-2022,NA,Youth Services,Youth Development Program
1253401,2534,19647336016125,Broadway El,Traditional Schools,2021-2022,NA,Youth Services,STAR Education
1254201,2542,19647330106948,White El,Traditional Schools,2021-2022,Ready-Set-Go!,Youth Services,Youth Development Program
1254401,2544,19647336120810,MacArthur Pk El VAPA,Traditional Schools,2021-2022,NA,Youth Services,STAR Education
1254801,2548,19647336016133,Brockton Ave El,Traditional Schools,2021-2022,NA,Youth Services,Woodcraft Rangers
1256201,2562,19647336016141,Brooklyn Ave El,Traditional Schools,2021-2022,NA,Youth Services,Youth Development Program
1258901,2589,19647336016158,Bryson Ave El,Traditional Schools,2021-2022,NA,Youth Services,Woodcraft Rangers
1260301,2603,19647336016166,Buchanan St El,Traditional Schools,2021-2022,NA,Youth Services,LA's BEST
1261601,2616,19647336016174,Budlong Ave El,Traditional Schools,2021-2022,NA,Youth Services,Youth Development Program
1261901,2619,19647330112003,Wilshire Park El,Traditional Schools,2021-2022,NA,Youth Services,LA's BEST
1263001,2630,19647336016182,Burbank Blvd El,Traditional Schools,2021-2022,NA,Youth Services,LA's BEST
1264401,2644,19647336066286,Saturn St El,Traditional Schools,2021-2022,NA,Youth Services,LA's BEST
1265801,2658,19647336016208,Burton St El,Traditional Schools,2021-2022,Ready-Set-Go!,Youth Services,LA's BEST
1267101,2671,19647336016216,Bushnell Way El,Traditional Schools,2021-2022,NA,Youth Services,LA's BEST
1268501,2685,19647336016224,Cabrillo Ave El,Traditional Schools,2021-2022,NA,Youth Services,LA's BEST
1269901,2699,19647336016232,Cahuenga El,Traditional Schools,2021-2022,NA,Youth Services,LA's BEST
1270101,2701,19647330111989,Kim El,Traditional Schools,2021-2022,NA,Youth Services,LA's BEST
1270401,2704,19647336016240,Calabash CA,Affiliated Charters,2021-2022,NA,Youth Services,NA
1270601,2706,19647336016257,Calahan St El,Traditional Schools,2021-2022,NA,Youth Services,Youth Development Program
1271201,2712,19647336016265,Calvert CES,Affiliated Charters,2021-2022,NA,Youth Services,Creative Brain Learning
1272601,2726,19647336016273,Camellia Ave El,Traditional Schools,2021-2022,NA,Youth Services,Youth Development Program
1274001,2740,19647336016281,Canfield Ave El,Traditional Schools,2021-2022,NA,Youth Services,NA
1274101,2741,19647336094726,Community El Mag CS,Affiliated Charters,2021-2022,NA,Youth Services,NA
1275301,2753,19647336016299,Canoga Park El,Traditional Schools,2021-2022,Ready-Set-Go!,Youth Services,LA's BEST
1276701,2767,19647336016307,Cantara St El,Traditional Schools,2021-2022,NA,Youth Services,Youth Development Program
1278101,2781,19647336016315,Canterbury Ave El,Traditional Schools,2021-2022,Ready-Set-Go!,Youth Services,LA's BEST
1279501,2795,19647336016323,Canyon CEl,Affiliated Charters,2021-2022,NA,Youth Services,NA
1280201,2802,19647336016331,Capistrano Ave El,Traditional Schools,2021-2022,NA,Youth Services,Youth Development Program
1281501,2815,19647336016349,Caroldale LC,Traditional Schools,2021-2022,NA,Youth Services,Youth Development Program
1282201,2822,19647336016356,Carpenter Comm Chtr,Affiliated Charters,2021-2022,NA,Youth Services,NA
1283601,2836,19647336016364,Carson St El,Traditional Schools,2021-2022,NA,Youth Services,Youth Development Program
1284901,2849,19647336016372,Carthay El ES Mag,Traditional Schools,2021-2022,NA,Youth Services,STAR Education
1286301,2863,19647336016380,Castelar St El,Traditional Schools,2021-2022,NA,Youth Services,LA's BEST
1287701,2877,19647336016398,Castle Hts El,Traditional Schools,2021-2022,NA,Youth Services,NA
1288101,2881,19647336071435,Castlebay Ln Chtr,Affiliated Charters,2021-2022,NA,Youth Services,NA
1289001,2890,19647336016406,Catskill Ave El,Traditional Schools,2021-2022,NA,Youth Services,Gang Alternatives Program
1293901,2939,19647330122101,Carson-Gore Academy,Traditional Schools,2021-2022,NA,Youth Services,Youth Development Program
1294201,2942,19647330122119,Estrella El,Traditional Schools,2021-2022,NA,Youth Services,LA's BEST
1294301,2943,19647330122127,Jones El,Traditional Schools,2021-2022,NA,Youth Services,Youth Development Program
1294401,2944,19647330122135,Huerta El,Traditional Schools,2021-2022,NA,Youth Services,LA's BEST
1294501,2945,19647336016414,Century Park El,Traditional Schools,2021-2022,NA,Youth Services,Youth Development Program
1295901,2959,19647336016422,Chandler El,Traditional Schools,2021-2022,NA,Youth Services,Youth Development Program
1298601,2986,19647336016430,Chapman El,Traditional Schools,2021-2022,NA,Youth Services,Youth Development Program
1300201,3002,19647336016448,Charnock Road El,Traditional Schools,2021-2022,NA,Youth Services,STAR Education
1301401,3014,19647336016455,Chase St El,Traditional Schools,2021-2022,NA,Youth Services,Youth Development Program
1302701,3027,19647336016463,Chatsworth UP/CD Mag,Traditional Schools,2021-2022,NA,Youth Services,Woodcraft Rangers
1304101,3041,19647336016471,Cheremoya Ave El,Traditional Schools,2021-2022,NA,Youth Services,Youth Development Program
1306801,3068,19647336016489,Cienega El,Traditional Schools,2021-2022,NA,Youth Services,LA's BEST
1308201,3082,19647336016497,Cimarron Ave El,Traditional Schools,2021-2022,NA,Youth Services,Youth Development Program
1309601,3096,19647336016505,City Terrace El,Traditional Schools,2021-2022,NA,Youth Services,Youth Development Program
1311001,3110,19647336016513,Clifford St M/T Mag,Traditional Schools,2021-2022,NA,Youth Services,LA's BEST
1312301,3123,19647336016521,Clover Ave El,Traditional Schools,2021-2022,NA,Youth Services,NA
1313701,3137,19647336016547,Cohasset St El,Traditional Schools,2021-2022,Ready-Set-Go!,Youth Services,LA's BEST
1315101,3151,19647336016554,Coldwater Cyn El,Traditional Schools,2021-2022,NA,Youth Services,LA's BEST
1316401,3164,19647336016562,Colfax CEl,Affiliated Charters,2021-2022,NA,Youth Services,NA
1317801,3178,19647336016570,Coliseum St El,Traditional Schools,2021-2022,NA,Youth Services,LA's BEST
1319201,3192,19647336016604,Commonwlth Ave El,Traditional Schools,2021-2022,NA,Youth Services,Youth Development Program
1320501,3205,19647336016612,Compton Ave El,Traditional Schools,2021-2022,NA,Youth Services,LA's BEST
1321001,3210,19647330109413,Madison El,Traditional Schools,2021-2022,NA,Youth Services,Woodcraft Rangers
1321901,3219,19647336016620,Corona Ave El,Traditional Schools,2021-2022,NA,Youth Services,Youth Development Program
1322001,3220,19647330109207,Escutia PC,Traditional Schools,2021-2022,NA,NA,LA's BEST
1324701,3247,19647336016638,Plasencia El,Traditional Schools,2021-2022,NA,Youth Services,A World Fit For Kids!
1326001,3260,19647336016646,Cowan Ave El,Traditional Schools,2021-2022,NA,Youth Services,NA
1328801,3288,19647336016653,Crescent Hts Bl El Mg,Traditional Schools,2021-2022,NA,Youth Services,LA's BEST
1330201,3302,19647336016661,Crestwood St STEAM Mg,Traditional Schools,2021-2022,NA,Youth Services,Creative Brain Learning
1331101,3311,19647331931054,Westside Glbl Awr Mag,Traditional Schools,2021-2022,NA,Youth Services,Team Prime Time
1331501,3315,19647336016679,Dena El,Traditional Schools,2021-2022,Ready-Set-Go!,Youth Services,Youth Development Program
1332901,3329,19647336016687,Dahlia Hts El,Traditional Schools,2021-2022,NA,Youth Services,NA
1333501,3335,19647336016695,Danube Ave El,Traditional Schools,2021-2022,NA,Youth Services,Youth Development Program
1334001,3340,19647336016703,Darby Ave El,Traditional Schools,2021-2022,NA,Youth Services,NA
1335601,3356,19647336016711,Dayton Heights El,Traditional Schools,2021-2022,Ready-Set-Go!,Youth Services,Youth Development Program
1337701,3377,19647336016729,Dearborn El CA,Affiliated Charters,2021-2022,NA,Youth Services,NA
1338401,3384,19647336016737,Del Amo El,Traditional Schools,2021-2022,NA,Youth Services,Youth Development Program
1339701,3397,19647336016745,Delevan Drive El,Traditional Schools,2021-2022,NA,Youth Services,Youth Development Program
1342501,3425,19647336016752,Denker Ave El,Traditional Schools,2021-2022,NA,Youth Services,Youth Development Program
1342601,3426,19647330109223,Garza PC,Traditional Schools,2021-2022,NA,Youth Services,STAR Education
1343801,3438,19647336016778,Dixie Cyn CC,Affiliated Charters,2021-2022,NA,Youth Services,NA
1345201,3452,19647336016786,Dolores St El,Traditional Schools,2021-2022,NA,Youth Services,Woodcraft Rangers
1346601,3466,19647336016794,Dominguez El,Traditional Schools,2021-2022,NA,Youth Services,Youth Development Program
1347901,3479,19647336016802,Dorris Place El,Traditional Schools,2021-2022,NA,Youth Services,LA's BEST
1349301,3493,19647336016828,Dyer St El,Traditional Schools,2021-2022,NA,Youth Services,LA's BEST
1350001,3500,19647331931070,Mid-city PSES Mag,Traditional Schools,2021-2022,NA,Youth Services,Creative Brain Learning
1350701,3507,19647336016836,Eagle Rock El,Traditional Schools,2021-2022,NA,Youth Services,Youth Development Program
1352101,3521,19647336016844,Eastman Ave El,Traditional Schools,2021-2022,NA,Youth Services,Youth Development Program
1354101,3541,19647336016851,El Dorado Ave El,Traditional Schools,2021-2022,NA,Youth Services,LA's BEST
1354501,3545,19647336016869,El Oro Way CES,Affiliated Charters,2021-2022,NA,Youth Services,NA
1354801,3548,19647336016885,Elizabeth LC,Traditional Schools,2021-2022,NA,Youth Services,Woodcraft Rangers
1356201,3562,19647336016877,El Sereno El,Traditional Schools,2021-2022,NA,Youth Services,LA's BEST
1357401,3574,19647330109397,Sendak El,Traditional Schools,2021-2022,NA,Youth Services,LA's BEST
1357501,3575,19647336016893,Elysian Hts Arts Mag,Traditional Schools,2021-2022,NA,Youth Services,LA's BEST
1357601,3576,19647330109371,Parks LC,Traditional Schools,2021-2022,NA,Youth Services,LA's BEST
1357701,3577,19647330106914,Bellingham El,Traditional Schools,2021-2022,NA,Youth Services,Woodcraft Rangers
1358901,3589,19647336016901,Emelita St El,Traditional Schools,2021-2022,NA,Youth Services,Keep Youth Doing Something
1361001,3610,19647330117036,Enadia Way,Affiliated Charters,2021-2022,NA,Youth Services,Youth Development Program
1361601,3616,19647336016935,Encino CEl,Affiliated Charters,2021-2022,NA,Youth Services,NA
1363001,3630,19647336016943,Erwin El,Traditional Schools,2021-2022,NA,Youth Services,Youth Development Program
1364001,3640,19647336016950,Eshelman Ave El,Traditional Schools,2021-2022,NA,Youth Services,STAR Education
1367101,3671,19647336016968,Euclid Ave El,Traditional Schools,2021-2022,Ready-Set-Go!,Youth Services,LA's BEST
1369901,3699,19647336016976,Evergreen Ave El,Traditional Schools,2021-2022,NA,Youth Services,Youth Development Program
1371201,3712,19647336016984,Fair Ave El,Traditional Schools,2021-2022,Ready-Set-Go!,Youth Services,LA's BEST
1372601,3726,19647336016992,Fairburn Ave El,Traditional Schools,2021-2022,NA,Youth Services,NA
1374001,3740,19647336017008,Farmdale El,Traditional Schools,2021-2022,NA,Youth Services,LA's BEST
1374701,3747,19647336017016,Fenton Ave El,Independent,2021-2022,NA,NA,LA's BEST
1375301,3753,19647336017024,Fernangeles El,Traditional Schools,2021-2022,Ready-Set-Go!,Youth Services,LA's BEST
1376701,3767,19647336017032,15th St El,Traditional Schools,2021-2022,Ready-Set-Go!,Youth Services,LA's BEST
1378101,3781,19647336017040,54th St El,Traditional Schools,2021-2022,NA,Youth Services,Youth Development Program
1379501,3795,19647336017057,59th St El,Traditional Schools,2021-2022,NA,Youth Services,STAR Education
1380801,3808,19647336017065,52nd St El,Traditional Schools,2021-2022,NA,Youth Services,L.A. Conservation Corps
1382201,3822,19647336017073,Figueroa St El,Traditional Schools,2021-2022,Ready-Set-Go!,Youth Services,LA's BEST
1382901,3829,19647336017081,Broadous El,Traditional Schools,2021-2022,Ready-Set-Go!,Youth Services,LA's BEST
1383601,3836,19647336017099,1st St El,Traditional Schools,2021-2022,Ready-Set-Go!,Youth Services,LA's BEST
1384901,3849,19647336089700,Fishburn Ave El,Traditional Schools,2021-2022,NA,Youth Services,Youth Development Program
1387701,3877,19647336017115,Fletcher Dr El,Traditional Schools,2021-2022,Ready-Set-Go!,Youth Services,LA's BEST
1389001,3890,19647336017123,Florence Ave El,Traditional Schools,2021-2022,NA,Youth Services,Youth Development Program
1391801,3918,19647336017131,Ford Blvd El,Traditional Schools,2021-2022,NA,Youth Services,Youth Development Program
1393201,3932,19647336017149,49th St El,Traditional Schools,2021-2022,Ready-Set-Go!,Youth Services,LA's BEST
1395901,3959,19647336017156,42nd St El,Traditional Schools,2021-2022,NA,Youth Services,LA's BEST
1397301,3973,19647336017164,4th St El,Traditional Schools,2021-2022,NA,Youth Services,Youth Development Program
1398601,3986,19647336017172,Franklin Ave El,Traditional Schools,2021-2022,NA,Youth Services,NA
1401401,4014,19647336017180,Fries Ave El,Traditional Schools,2021-2022,NA,Youth Services,Boys & Girls Club of LA Harbor
1402001,4020,19647330109231,Bakewell PC,Traditional Schools,2021-2022,NA,NA,LA's BEST
1402701,4027,19647336017198,Fullbright Ave El,Traditional Schools,2021-2022,NA,Youth Services,Youth Development Program
1404101,4041,19647336017214,Gardena El,Traditional Schools,2021-2022,NA,Youth Services,Youth Development Program
1405501,4055,19647336017206,Garden Grove El,Traditional Schools,2021-2022,NA,Youth Services,Youth Development Program
1406801,4068,19647336017222,Gardner St El,Traditional Schools,2021-2022,NA,Youth Services,STAR Education
1408201,4082,19647336017230,Garvanza El T/L Mag,Traditional Schools,2021-2022,NA,Youth Services,LA's BEST
1409601,4096,19647336017248,Gates St El,Traditional Schools,2021-2022,Ready-Set-Go!,Youth Services,LA's BEST
1411001,4110,19647336017255,Gault St El,Traditional Schools,2021-2022,NA,Youth Services,LA's BEST
1411701,4117,19647336017263,Germain Acad AA,Traditional Schools,2021-2022,NA,Youth Services,NA
1412301,4123,19647336017271,Glassell Pk STEAM Mag,Traditional Schools,2021-2022,NA,Youth Services,LA's BEST
1413001,4130,19647336017289,Gledhill St El,Traditional Schools,2021-2022,NA,Youth Services,LA's BEST
1413701,4137,19647336017297,Glen Alta El,Traditional Schools,2021-2022,NA,Youth Services,LA's BEST
1416401,4164,19647336017305,Glenfeliz Blvd El,Traditional Schools,2021-2022,NA,Youth Services,LA's BEST
1419201,4192,19647336017313,Glenwood El,Traditional Schools,2021-2022,Ready-Set-Go!,Youth Services,LA's BEST
1421901,4219,19647336017321,Graham El,Traditional Schools,2021-2022,NA,Youth Services,Youth Development Program
1423301,4233,19647336017339,Granada El,Traditional Schools,2021-2022,NA,Youth Services,Woodcraft Rangers
1424701,4247,19647336017347,Grand Vw Bl El,Traditional Schools,2021-2022,Ready-Set-Go!,Youth Services,LA's BEST
1426001,4260,19647336017354,Grant El,Traditional Schools,2021-2022,Ready-Set-Go!,Youth Services,LA's BEST
1427401,4274,19647336017362,Grape St El,Traditional Schools,2021-2022,NA,Youth Services,LA's BEST
1429501,4295,19647336017388,Gridley St El,Traditional Schools,2021-2022,Ready-Set-Go!,Youth Services,LA's BEST
1430101,4301,19647336017396,Griffin Ave El,Traditional Schools,2021-2022,Ready-Set-Go!,Youth Services,LA's BEST
1431501,4315,19647336017404,Gulf Ave El,Traditional Schools,2021-2022,Ready-Set-Go!,Youth Services,Boys & Girls Club of LA Harbor
1432201,4322,19647331932896,Arroyo Seco Mus/S Mag,Traditional Schools,2021-2022,NA,Youth Services,L.A. Conservation Corps
1432901,4329,19647336017412,Haddon Ave El,Traditional Schools,2021-2022,Ready-Set-Go!,Youth Services,Woodcraft Rangers
1434201,4342,19647336017420,Halldale El,Traditional Schools,2021-2022,NA,Youth Services,Youth Development Program
1434901,4349,19647336017438,Hamlin CA,Affiliated Charters,2021-2022,NA,Youth Services,Youth Development Program
1435601,4356,19647336017446,Anton El,Traditional Schools,2021-2022,NA,Youth Services,Youth Development Program
1439701,4397,19647336017453,Hancock Park El,Traditional Schools,2021-2022,NA,Youth Services,NA
1442501,4425,19647336017461,Harbor City El,Traditional Schools,2021-2022,NA,Youth Services,Boys & Girls Club of LA Harbor
1443101,4431,19647336017479,Harding St El,Traditional Schools,2021-2022,NA,Youth Services,LA's BEST
1443801,4438,19647336017487,Harrison St El,Traditional Schools,2021-2022,Ready-Set-Go!,Youth Services,Youth Development Program
1444501,4445,19647336017495,Hart St El,Traditional Schools,2021-2022,Ready-Set-Go!,Youth Services,LA's BEST
1445201,4452,19647336017503,Haskell El STEAM Mag,Traditional Schools,2021-2022,NA,Youth Services,Youth Development Program
1446601,4466,19647336017511,Hawaiian Ave El,Traditional Schools,2021-2022,Ready-Set-Go!,Youth Services,LA's BEST
1447301,4473,19647336017529,Haynes CES,Affiliated Charters,2021-2022,NA,Youth Services,NA
1449301,4493,19647336017537,Hazeltine Ave El,Traditional Schools,2021-2022,Ready-Set-Go!,Youth Services,LA's BEST
1450701,4507,19647336017545,Heliotrope Ave El,Traditional Schools,2021-2022,Ready-Set-Go!,Youth Services,Youth Development Program
1451501,4515,19647336017552,Herrick Ave El,Traditional Schools,2021-2022,NA,Youth Services,LA's BEST
1452101,4521,19647330112060,Hesby Oaks Lead Chtr,Affiliated Charters,2021-2022,NA,Youth Services,NA
1452801,4528,19647336017586,Hillcrest Dr El,Traditional Schools,2021-2022,NA,Youth Services,LA's BEST
1453401,4534,19647336017594,Hillside El,Traditional Schools,2021-2022,Ready-Set-Go!,Youth Services,LA's BEST
1454801,4548,19647336017602,Hobart Blvd El,Traditional Schools,2021-2022,Ready-Set-Go!,Youth Services,LA's BEST
1456201,4562,19647336017610,Holmes Ave El,Traditional Schools,2021-2022,NA,Youth Services,Woodcraft Rangers
1457501,4575,19647336017628,Hooper Ave El,Traditional Schools,2021-2022,Ready-Set-Go!,Youth Services,LA's BEST
1457601,4576,19647330109249,Hooper Ave PC,Traditional Schools,2021-2022,NA,NA,LA's BEST
1458901,4589,19647336017636,Hoover St El,Traditional Schools,2021-2022,Ready-Set-Go!,Youth Services,LA's BEST
1460301,4603,19647336017644,Hubbard St El,Traditional Schools,2021-2022,NA,Youth Services,LA's BEST
1461601,4616,19647336017651,Humphreys Ave El,Traditional Schools,2021-2022,NA,Youth Services,Keep Youth Doing Something
1463001,4630,19647336017669,Huntington Dr El,Traditional Schools,2021-2022,NA,Youth Services,Youth Development Program
1464001,4640,19647336110977,Walnut Park El,Traditional Schools,2021-2022,NA,Youth Services,Youth Development Program
1464101,4641,19647336112411,San Antonio El,Traditional Schools,2021-2022,NA,Youth Services,Woodcraft Rangers
1464201,4642,19647330109322,Pacific Blvd School,Traditional Schools,2021-2022,NA,Youth Services,Woodcraft Rangers
1465801,4658,19647336017677,YES Academy,Traditional Schools,2021-2022,NA,Youth Services,LA's BEST
1467101,4671,19647336017685,Ivanhoe El,Traditional Schools,2021-2022,NA,Youth Services,NA
1468001,4680,19647330109330,Lizarraga El,Traditional Schools,2021-2022,NA,Youth Services,LA's BEST
1468101,4681,19647330106955,Harmony El,Traditional Schools,2021-2022,NA,Youth Services,Woodcraft Rangers
1468501,4685,19647330109348,Aurora El,Traditional Schools,2021-2022,NA,Youth Services,LA's BEST
1469201,4692,19647336017693,Justice St Acad Chtr,Affiliated Charters,2021-2022,NA,Youth Services,NA
1469601,4696,19647336071443,Kennedy El,Traditional Schools,2021-2022,NA,Youth Services,Keep Youth Doing Something
1469901,4699,19647336017701,Kenter Canyon EC,Affiliated Charters,2021-2022,NA,Youth Services,NA
1471201,4712,19647336017719,Kentwood El,Traditional Schools,2021-2022,NA,Youth Services,NA
1472601,4726,19647336017727,Kester Ave El,Traditional Schools,2021-2022,NA,Youth Services,STAR Education
1476001,4760,19647336017735,Kittridge St El,Traditional Schools,2021-2022,Ready-Set-Go!,Youth Services,LA's BEST
1476201,4762,19647336017743,Knollwood Prep Acad,Affiliated Charters,2021-2022,NA,Youth Services,Keep Youth Doing Something
1476401,4764,19647336017768,Lanai Rd El,Traditional Schools,2021-2022,NA,Youth Services,NA
1476701,4767,19647336018931,Lane El,Traditional Schools,2021-2022,NA,Youth Services,Youth Development Program
1477501,4775,19647336017776,Langdon Ave El,Traditional Schools,2021-2022,Ready-Set-Go!,Youth Services,LA's BEST
1477601,4776,19647336116842,Primary Academy,Traditional Schools,2021-2022,NA,NA,LA's BEST
1478101,4781,19647336017784,Lankershim El,Traditional Schools,2021-2022,NA,Youth Services,LA's BEST
1478601,4786,19647336017750,La Salle Ave El,Traditional Schools,2021-2022,NA,Youth Services,LA's BEST
1479001,4790,19647336017792,Lassen El,Traditional Schools,2021-2022,NA,Youth Services,LA's BEST
1479501,4795,19647336017800,Latona Ave El,Traditional Schools,2021-2022,NA,Youth Services,LA's BEST
1480801,4808,19647336017818,Laurel CACT Mag,Traditional Schools,2021-2022,NA,Youth Services,Woodcraft Rangers
1482901,4829,19647336017826,Leapwood El,Traditional Schools,2021-2022,NA,Youth Services,Youth Development Program
1483601,4836,19647336017834,Leland St El,Traditional Schools,2021-2022,NA,Youth Services,STAR Education
1484901,4849,19647336017842,Lemay St El,Traditional Schools,2021-2022,NA,Youth Services,Youth Development Program
1486301,4863,19647336017859,Liberty Blvd El,Traditional Schools,2021-2022,Ready-Set-Go!,Youth Services,Youth Development Program
1487001,4870,19647336017867,Liggett St El,Traditional Schools,2021-2022,Ready-Set-Go!,Youth Services,Youth Development Program
1487701,4877,19647336017875,Lillian St El,Traditional Schools,2021-2022,NA,Youth Services,Youth Development Program
1488101,4881,19647336017883,Limerick Ave El,Traditional Schools,2021-2022,Ready-Set-Go!,Youth Services,LA's BEST
1488701,4887,19647336017891,Lockhurst Dr CEl,Affiliated Charters,2021-2022,NA,Youth Services,NA
1489001,4890,19647336017909,Lockwood Ave El,Traditional Schools,2021-2022,Ready-Set-Go!,Youth Services,LA's BEST
1490401,4904,19647336017917,Logan Academy,Traditional Schools,2021-2022,NA,Youth Services,LA's BEST
1491801,4918,19647336017925,Loma Vista El,Traditional Schools,2021-2022,Ready-Set-Go!,Youth Services,Youth Development Program
1493201,4932,19647336017933,Lomita El M/S/T Mag,Traditional Schools,2021-2022,NA,Youth Services,Youth Development Program
1494501,4945,19647336017941,Lorena St El,Traditional Schools,2021-2022,Ready-Set-Go!,Youth Services,L.A. Conservation Corps
1495901,4959,19647336017958,Loreto St El,Traditional Schools,2021-2022,Ready-Set-Go!,Youth Services,LA's BEST
1497301,4973,19647336017966,Lorne St El,Traditional Schools,2021-2022,NA,Youth Services,Youth Development Program
1498001,4980,19647336107064,Pio Pico MS,Traditional Schools,2021-2022,NA,Youth Services,YS Plus
1498201,4982,19647336111512,Los Angeles El,Traditional Schools,2021-2022,NA,Youth Services,LA's BEST
1498301,4983,19647330109256,Mariposa-Nabi PC,Traditional Schools,2021-2022,Ready-Set-Go!,Youth Services,LA's BEST
1498601,4986,19647336017974,Los Feliz STEMM Mag,Traditional Schools,2021-2022,NA,Youth Services,LA's BEST
1501401,5014,19647336017982,Loyola Villg El F/PAM,Traditional Schools,2021-2022,NA,Youth Services,STAR Education
1501601,5016,19647336110951,Coughlin El,Traditional Schools,2021-2022,NA,Youth Services,Youth Development Program
1505501,5055,19647336017990,Magnolia Ave El,Traditional Schools,2021-2022,Ready-Set-Go!,Youth Services,LA's BEST
1506801,5068,19647336018006,Main St El,Traditional Schools,2021-2022,Ready-Set-Go!,Youth Services,LA's BEST
1508201,5082,19647336018014,Malabar St El,Traditional Schools,2021-2022,NA,Youth Services,L.A. Conservation Corps
1509601,5096,19647336018022,Manchester Ave El,Traditional Schools,2021-2022,Ready-Set-Go!,Youth Services,LA's BEST
1511001,5110,19647336018030,Manhattan Place El,Traditional Schools,2021-2022,Ready-Set-Go!,Youth Services,LA's BEST
1511101,5111,19647330102491,Alexander SCS,Affiliated Charters,2021-2022,NA,Youth Services,Youth Development Program
1511201,5112,19647330117028,Jones PC,Traditional Schools,2021-2022,NA,NA,STAR Education
1511301,5113,19647330109355,Mack El,Traditional Schools,2021-2022,Ready-Set-Go!,Youth Services,Keep Youth Doing Something
1513701,5137,19647336018055,Marianna Ave El,Traditional Schools,2021-2022,NA,Youth Services,Youth Development Program
1515301,5153,19647330122390,Orchard Academies 2B,Traditional Schools,2021-2022,NA,Youth Services,YS Plus
1515401,5154,19647330122408,Orchard Academies 2C,Traditional Schools,2021-2022,NA,Youth Services,YS Plus
1516401,5164,19647336018063,Marquez Charter,Affiliated Charters,2021-2022,NA,Youth Services,NA
1517001,5170,19647330109264,Lexington Ave PC,Traditional Schools,2021-2022,NA,Youth Services,Youth Development Program
1517301,5173,19647330124453,Nava Learning Academy,Traditional Schools,2021-2022,NA,Youth Services,YS Plus
1517801,5178,19647336018071,Marvin El,Traditional Schools,2021-2022,NA,Youth Services,Youth Development Program
1519201,5192,19647336018048,Mar Vista El,Traditional Schools,2021-2022,NA,Youth Services,NA
1519301,5193,19647330126466,Walnut Park MS STEM,Traditional Schools,2021-2022,NA,Youth Services,EduCare Foundation
1519801,5198,19647336018089,Mayall St Ac A/T Mag,Traditional Schools,2021-2022,NA,Youth Services,LA's BEST
1520501,5205,19647336018097,Mayberry St El,Traditional Schools,2021-2022,NA,Youth Services,LA's BEST
1521901,5219,19647336018113,Melrose Ave El M/S Mg,Traditional Schools,2021-2022,NA,Youth Services,STAR Education
1523301,5233,19647336018121,Melvin Ave El,Traditional Schools,2021-2022,NA,Youth Services,Keep Youth Doing Something
1524001,5240,19647330135707,Johnson STEM Academy,Traditional Schools,2021-2022,NA,Youth Services,NA
1524701,5247,19647336018139,Menlo Ave El,Traditional Schools,2021-2022,Ready-Set-Go!,Youth Services,LA's BEST
1528801,5288,19647336018154,Micheltorena St El,Traditional Schools,2021-2022,Ready-Set-Go!,Youth Services,LA's BEST
1530101,5301,19647336018162,Middleton St El,Traditional Schools,2021-2022,Ready-Set-Go!,Youth Services,Woodcraft Rangers
1530201,5302,19647330109272,Middleton St PC,Traditional Schools,2021-2022,NA,NA,LA's BEST
1531501,5315,19647336018170,Miles Ave El,Traditional Schools,2021-2022,Ready-Set-Go!,Youth Services,Woodcraft Rangers
1532101,5321,19647336066278,Miller El,Traditional Schools,2021-2022,Ready-Set-Go!,Youth Services,LA's BEST
1532901,5329,19647336018188,Miramonte El,Traditional Schools,2021-2022,Ready-Set-Go!,Youth Services,Youth Development Program
1534201,5342,19647336018196,Monlux El,Traditional Schools,2021-2022,Ready-Set-Go!,Youth Services,LA's BEST
1537001,5370,19647336018204,Montague Charter AAS,Independent,2021-2022,Ready-Set-Go!,NA,LA's BEST
1538401,5384,19647336018212,Monte Vista St El,Traditional Schools,2021-2022,NA,Youth Services,LA's BEST
1538501,5385,19647330101618,Riordan PC,Traditional Schools,2021-2022,NA,NA,LA's BEST
1539701,5397,19647336018220,Morningside El,Traditional Schools,2021-2022,NA,Youth Services,A World Fit For Kids!
1540401,5404,19647336018238,Mountain View El,Traditional Schools,2021-2022,NA,Youth Services,Woodcraft Rangers
1541101,5411,19647336018246,Mt Washington El,Traditional Schools,2021-2022,NA,Youth Services,NA
1542501,5425,19647336018253,Multnomah St El,Traditional Schools,2021-2022,NA,Youth Services,Youth Development Program
1543801,5438,19647336018261,Murchison St El,Traditional Schools,2021-2022,NA,Youth Services,LA's BEST
1544601,5446,19647336018279,Napa St El,Traditional Schools,2021-2022,Ready-Set-Go!,Youth Services,LA's BEST
1545201,5452,19647336018287,Nestle Ave Charter,Affiliated Charters,2021-2022,NA,Youth Services,NA
1545901,5459,19647336018295,Nevada Ave El,Traditional Schools,2021-2022,NA,Youth Services,Woodcraft Rangers
1546601,5466,19647336018303,Nevin Ave El,Traditional Schools,2021-2022,NA,Youth Services,Youth Development Program
1547901,5479,19647336018311,Newcastle El,Traditional Schools,2021-2022,NA,Youth Services,L.A. Conservation Corps
1550501,5505,19647336104814,9th St El,Traditional Schools,2021-2022,NA,Youth Services,Youth Development Program
1552101,5521,19647336018337,95th St El,Traditional Schools,2021-2022,NA,Youth Services,Youth Development Program
1553401,5534,19647336018345,99th St El,Traditional Schools,2021-2022,Ready-Set-Go!,Youth Services,Woodcraft Rangers
1554801,5548,19647336018352,92nd St El,Traditional Schools,2021-2022,NA,Youth Services,LA's BEST
1556201,5562,19647336018360,Barrett El,Traditional Schools,2021-2022,NA,Youth Services,Youth Development Program
1557501,5575,19647336018378,96th St El,Traditional Schools,2021-2022,NA,Youth Services,Youth Development Program
1558201,5582,19647336018386,93rd St El,Traditional Schools,2021-2022,NA,Youth Services,Woodcraft Rangers
1560301,5603,19647336018394,Noble Ave El,Traditional Schools,2021-2022,Ready-Set-Go!,Youth Services,LA's BEST
1560401,5604,19647330109389,Panorama City El,Traditional Schools,2021-2022,Ready-Set-Go!,Youth Services,LA's BEST
1563001,5630,19647336018410,Normandie Ave El,Traditional Schools,2021-2022,NA,Youth Services,L.A. Conservation Corps
1564401,5644,19647336018428,Normont El,Traditional Schools,2021-2022,NA,Youth Services,LA's BEST
1569901,5699,19647336018436,Norwood St El,Traditional Schools,2021-2022,Ready-Set-Go!,Youth Services,A World Fit For Kids!
1572601,5726,19647336018444,O'Melveny El,Traditional Schools,2021-2022,NA,Youth Services,Youth Development Program
1574001,5740,19647336018469,118th St El,Traditional Schools,2021-2022,NA,Youth Services,Youth Development Program
1575301,5753,19647336018477,186th St El,Traditional Schools,2021-2022,NA,Youth Services,South Bay Center for Counseling
1578101,5781,19647336018485,Flournoy El,Traditional Schools,2021-2022,NA,Youth Services,LA's BEST
1580801,5808,19647336018493,156th St El,Traditional Schools,2021-2022,NA,Youth Services,Youth Development Program
1582201,5822,19647336018501,153rd St El,Traditional Schools,2021-2022,NA,Youth Services,Youth Development Program
1583601,5836,19647336018519,109th St El,Traditional Schools,2021-2022,NA,Youth Services,LA's BEST
1584901,5849,19647336018527,Griffith Joyner El,Traditional Schools,2021-2022,NA,Youth Services,LA's BEST
1585701,5857,19647336018535,107th St El,Traditional Schools,2021-2022,Ready-Set-Go!,Youth Services,Youth Development Program
1586301,5863,19647336018543,116th St El,Traditional Schools,2021-2022,NA,Youth Services,LA's BEST
1587701,5877,19647336018550,135th St El,Traditional Schools,2021-2022,Ready-Set-Go!,Youth Services,LA's BEST
1588401,5884,19647336018568,112th St El,Traditional Schools,2021-2022,Ready-Set-Go!,Youth Services,LA's BEST
1588701,5887,19647336018576,122nd St El,Traditional Schools,2021-2022,NA,Youth Services,Kids Protectors of the Environment
1588901,5889,19647336097927,Open Charter Mag,Affiliated Charters,2021-2022,NA,Youth Services,NA
1589401,5894,19647336018592,Osceola St El,Traditional Schools,2021-2022,NA,Youth Services,LA's BEST
1590401,5904,19647336018618,Overland Ave El,Traditional Schools,2021-2022,NA,Youth Services,NA
1591801,5918,19647336018626,Oxnard St El,Traditional Schools,2021-2022,NA,Youth Services,LA's BEST
1595901,5959,19647336018634,Palisades CEl,Affiliated Charters,2021-2022,NA,Youth Services,NA
1597301,5973,19647336018642,Pacoima CEl,Independent,2021-2022,Ready-Set-Go!,NA,LA's BEST
1598601,5986,19647336018659,Palms El,Traditional Schools,2021-2022,NA,Youth Services,Youth Development Program
1600501,6005,19647336018667,Park Ave El,Traditional Schools,2021-2022,NA,Youth Services,Youth Development Program
1601301,6013,19647336018675,Park Wstn Pl El,Traditional Schools,2021-2022,NA,Youth Services,Boys & Girls Club of LA Harbor
1602101,6021,19647336018683,Parmelee Ave El,Traditional Schools,2021-2022,Ready-Set-Go!,Youth Services,Youth Development Program
1602701,6027,19647336018691,Parthenia Ac Art Tec,Traditional Schools,2021-2022,NA,Youth Services,Keep Youth Doing Something
1605201,6052,19647336018709,Paseo del Rey El Mag,Traditional Schools,2021-2022,NA,Youth Services,NA
1606801,6068,19647336018717,Pinewood Ave El,Traditional Schools,2021-2022,Ready-Set-Go!,Youth Services,LA's BEST
1608701,6087,19647330133603,GAL King Sch for STEM,Traditional Schools,2021-2022,NA,Youth Services,NA
1609601,6096,19647336018725,Plainview Academc CA,Affiliated Charters,2021-2022,NA,Youth Services,Woodcraft Rangers
1611001,6110,19647336018741,Playa Del Rey El,Traditional Schools,2021-2022,NA,Youth Services,Youth Development Program
1612301,6123,19647336018758,Plummer El,Traditional Schools,2021-2022,Ready-Set-Go!,Youth Services,LA's BEST
1613701,6137,19647336018766,Pt Fermin El Mr/S Mg,Traditional Schools,2021-2022,NA,Youth Services,NA
1614001,6140,19647336018774,Pomelo Community CS,Affiliated Charters,2021-2022,NA,Youth Services,NA
1614801,6148,19647336018790,President Ave El,Traditional Schools,2021-2022,NA,Youth Services,Youth Development Program
1615801,6158,19647336018808,Purche Ave El,Traditional Schools,2021-2022,NA,Youth Services,Youth Development Program
1616401,6164,19647336018816,Queen Anne Pl El,Traditional Schools,2021-2022,NA,Youth Services,Youth Development Program
1617801,6178,19647336018824,Ramona El,Traditional Schools,2021-2022,NA,Youth Services,LA's BEST
1617901,6179,19647330109405,Kingsley El,Traditional Schools,2021-2022,Ready-Set-Go!,Youth Services,STAR Education
1619201,6192,19647336018832,Ranchito Ave El,Traditional Schools,2021-2022,NA,Youth Services,Youth Development Program
1621901,6219,19647336018840,Raymond Ave El,Traditional Schools,2021-2022,NA,Youth Services,LA's BEST
1623301,6233,19647336018857,Reseda El,Traditional Schools,2021-2022,NA,Youth Services,Boys & Girls Club of Carson
1626001,6260,19647336018873,Richland Ave El,Traditional Schools,2021-2022,NA,Youth Services,STAR Education
1627401,6274,19647336018881,Hamasaki Med/Sci Mag,Traditional Schools,2021-2022,NA,Youth Services,Youth Development Program
1628801,6288,19647336018907,Rio Vista El,Traditional Schools,2021-2022,NA,Youth Services,LA's BEST
1630101,6301,19647336018915,Ritter El,Traditional Schools,2021-2022,NA,Youth Services,Woodcraft Rangers
1631501,6315,19647336018923,Riverside Dr CS,Affiliated Charters,2021-2022,NA,Youth Services,NA
1632901,6329,19647336018949,Rockdale VAPA Mag,Traditional Schools,2021-2022,NA,Youth Services,Youth Development Program
1634201,6342,19647336016539,Coeur D Alene Ave El,Traditional Schools,2021-2022,NA,Youth Services,NA
1635601,6356,19647336018956,Roscoe El,Traditional Schools,2021-2022,Ready-Set-Go!,Youth Services,LA's BEST
1636301,6363,19647336018964,Roscomare Rd El,Traditional Schools,2021-2022,NA,Youth Services,NA
1637001,6370,19647336018972,Rosemont Ave El,Traditional Schools,2021-2022,NA,Youth Services,LA's BEST
1638401,6384,19647336018980,Rosewood UP/UD Mag,Traditional Schools,2021-2022,NA,Youth Services,LA's BEST
1642501,6425,19647336018998,Rowan Ave El,Traditional Schools,2021-2022,NA,Youth Services,Youth Development Program
1642601,6426,19647330109280,Amanecer PC,Traditional Schools,2021-2022,NA,NA,Youth Development Program
1643801,6438,19647336019004,Russell El,Traditional Schools,2021-2022,NA,Youth Services,Youth Development Program
1645201,6452,19647336019012,San Fernando El,Traditional Schools,2021-2022,Ready-Set-Go!,Youth Services,Youth Development Program
1646601,6466,19647336019020,San Gabriel Ave El,Traditional Schools,2021-2022,NA,Youth Services,Woodcraft Rangers
1647901,6479,19647336019038,San Jose St El,Traditional Schools,2021-2022,NA,Youth Services,L.A. Conservation Corps
1649301,6493,19647336019046,San Pascual STEAM Mg,Traditional Schools,2021-2022,NA,Youth Services,LA's BEST
1650101,6501,19647330125971,San Fernando MS IAM,Traditional Schools,2021-2022,Ready-Set-Go!,Youth Services,EduCare Foundation
1650701,6507,19647336019053,San Pedro St El,Traditional Schools,2021-2022,NA,Youth Services,Youth Development Program
1653401,6534,19647336019061,King Jr El,Traditional Schools,2021-2022,NA,Youth Services,LA's BEST
1654801,6548,19647336019079,Santa Monica Blvd Co,Independent,2021-2022,Ready-Set-Go!,NA,LA's BEST
1654901,6549,19647330109298,Hollywood El,Traditional Schools,2021-2022,NA,Youth Services,Youth Development Program
1656501,6565,19647336019087,Saticoy El,Traditional Schools,2021-2022,NA,Youth Services,LA's BEST
1657501,6575,19647336019095,2nd St El,Traditional Schools,2021-2022,NA,Youth Services,LA's BEST
1660601,6606,19647336019111,Serrania Ave CES,Affiliated Charters,2021-2022,NA,Youth Services,NA
1661601,6616,19647336019129,7th St El AI Mag,Traditional Schools,2021-2022,NA,Youth Services,NA
1663001,6630,19647336019137,75th St El,Traditional Schools,2021-2022,Ready-Set-Go!,Youth Services,Youth Development Program
1664401,6644,19647336019145,74th St El,Traditional Schools,2021-2022,NA,Youth Services,Youth Development Program
1665801,6658,19647336018105,McKinley Ave El,Traditional Schools,2021-2022,NA,Youth Services,Youth Development Program
1666501,6665,19647336019152,Sharp Ave El,Traditional Schools,2021-2022,NA,Youth Services,Woodcraft Rangers
1667101,6671,19647336019160,Shenandoah St El,Traditional Schools,2021-2022,Ready-Set-Go!,Youth Services,LA's BEST
1668501,6685,19647336019178,Sheridan St El,Traditional Schools,2021-2022,Ready-Set-Go!,Youth Services,LA's BEST
1669901,6699,19647336019186,Sherman Oaks El CS,Affiliated Charters,2021-2022,NA,Youth Services,NA
1671201,6712,19647336019194,Shirley Ave El,Traditional Schools,2021-2022,NA,Youth Services,Youth Development Program
1674001,6740,19647336019202,Short Ave El,Traditional Schools,2021-2022,NA,Youth Services,After School All Stars
1675301,6753,19647336019210,Sierra Park El,Traditional Schools,2021-2022,NA,Youth Services,LA's BEST
1676701,6767,19647336019228,Sierra Vista El,Traditional Schools,2021-2022,NA,Youth Services,Youth Development Program
1678101,6781,19647336019236,6th Ave El,Traditional Schools,2021-2022,NA,Youth Services,Youth Development Program
1679501,6795,19647336019244,Garcetti LA,Traditional Schools,2021-2022,Ready-Set-Go!,Youth Services,LA's BEST
1680801,6808,19647336019251,61st St El,Traditional Schools,2021-2022,NA,Youth Services,Children Youth Family Collaborative
1682201,6822,19647336019269,66th St El,Traditional Schools,2021-2022,NA,Youth Services,Youth Development Program
1683601,6836,19647336019277,Solano Ave El,Traditional Schools,2021-2022,NA,Youth Services,Youth Development Program
1684901,6849,19647336019285,Soto St El,Traditional Schools,2021-2022,NA,Youth Services,STAR Education
1686301,6863,19647336019293,South Park El,Traditional Schools,2021-2022,Ready-Set-Go!,Youth Services,LA's BEST
1686701,6867,19647330126581,Bridges School,Traditional Schools,2021-2022,NA,Youth Services,Boys & Girls Club of LA Harbor
1686801,6868,19647330122416,Obama Glbl Prep Acad,Traditional Schools,2021-2022,NA,Youth Services,YS Plus
1686901,6869,19647330122143,Knox El,Traditional Schools,2021-2022,NA,Youth Services,LA's BEST
1687001,6870,19647336019301,South Shores El PA Mg,Traditional Schools,2021-2022,NA,Youth Services,NA
1687201,6872,19647330122150,Wisdom El,Traditional Schools,2021-2022,NA,Youth Services,Woodcraft Rangers
1687301,6873,19647330122168,Escalante El,Traditional Schools,2021-2022,NA,Youth Services,Youth Development Program
1687501,6875,19647336108641,San Miguel El,Traditional Schools,2021-2022,NA,Youth Services,Woodcraft Rangers
1687801,6878,19647336107403,Montara Ave El,Traditional Schools,2021-2022,NA,Youth Services,Youth Development Program
1688001,6880,19647336114722,Independence El,Traditional Schools,2021-2022,NA,Youth Services,Woodcraft Rangers
1688401,6884,19647330126391,Roybal-Allard El,Traditional Schools,2021-2022,NA,Youth Services,A World Fit For Kids!
1688601,6886,19647330122176,Baca Arts Acad,Traditional Schools,2021-2022,NA,Youth Services,Youth Development Program
1689001,6890,19647336019319,Stagg St El,Traditional Schools,2021-2022,NA,Youth Services,LA's BEST
1690401,6904,19647336019327,Stanford Ave El,Traditional Schools,2021-2022,NA,Youth Services,Woodcraft Rangers
1690501,6905,19647330106930,Stanford Ave PC,Traditional Schools,2021-2022,NA,NA,LA's BEST
1691801,6918,19647336019335,State St El,Traditional Schools,2021-2022,NA,Youth Services,Woodcraft Rangers
1692001,6920,19647330109421,Hope St El,Traditional Schools,2021-2022,NA,Youth Services,Woodcraft Rangers
1693201,6932,19647336018402,Sterry El,Traditional Schools,2021-2022,NA,Youth Services,STAR Education
1694501,6945,19647336019343,Stonehurst STEAM Mag,Traditional Schools,2021-2022,NA,Youth Services,LA's BEST
1695201,6952,19647336019350,Stoner Ave El,Traditional Schools,2021-2022,NA,Youth Services,LA's BEST
1695901,6959,19647336019368,Strathern St El,Traditional Schools,2021-2022,Ready-Set-Go!,Youth Services,LA's BEST
1697301,6973,19647336019376,Sunland El,Traditional Schools,2021-2022,NA,Youth Services,Woodcraft Rangers
1698601,6986,19647336019384,Sunny Brae Ave El,Traditional Schools,2021-2022,Ready-Set-Go!,Youth Services,LA's BEST
1698801,6988,19647336104822,Sunrise El,Traditional Schools,2021-2022,NA,Youth Services,LA's BEST
1700701,7007,19647336019392,Superior St El,Affiliated Charters,2021-2022,NA,Youth Services,NA
1701401,7014,19647336019400,Sylmar El,Traditional Schools,2021-2022,Ready-Set-Go!,Youth Services,LA's BEST
1702701,7027,19647336019418,Sylvan Park El,Traditional Schools,2021-2022,Ready-Set-Go!,Youth Services,LA's BEST
1703501,7035,19647336019426,Taper Ave El,Traditional Schools,2021-2022,NA,Youth Services,NA
1704101,7041,19647336019434,Tarzana El,Traditional Schools,2021-2022,NA,Youth Services,Youth Development Program
1706801,7068,19647336019442,Telfair Ave El,Traditional Schools,2021-2022,Ready-Set-Go!,Youth Services,LA's BEST
1708201,7082,19647336019459,10th St El,Traditional Schools,2021-2022,Ready-Set-Go!,Youth Services,Youth Development Program
1711001,7110,19647336019467,3rd St El,Traditional Schools,2021-2022,NA,Youth Services,NA
1712301,7123,19647336016810,Bradley Glbl Awr Mag,Traditional Schools,2021-2022,NA,Youth Services,LA's BEST
1713701,7137,19647336019475,32nd St USC PA Mag,Traditional Schools,2021-2022,NA,Youth Services,YS Plus
1715101,7151,19647336019483,Weemes El,Traditional Schools,2021-2022,NA,Youth Services,Youth Development Program
1716401,7164,19647336019491,Bright El,Traditional Schools,2021-2022,NA,Youth Services,LA's BEST
1717801,7178,19647336019509,Toland Way El,Traditional Schools,2021-2022,NA,Youth Services,LA's BEST
1719201,7192,19647336019517,Toluca Lake El,Traditional Schools,2021-2022,NA,Youth Services,Youth Development Program
1719801,7198,19647336019525,Topanga El CS,Affiliated Charters,2021-2022,NA,Youth Services,NA
1720101,7201,19647336019533,Topeka Dr CAS,Affiliated Charters,2021-2022,NA,Youth Services,NA
1720501,7205,19647336019541,Towne Ave El,Traditional Schools,2021-2022,NA,Youth Services,Boys & Girls Club of Carson
1721901,7219,19647336019558,Trinity St El,Traditional Schools,2021-2022,NA,Youth Services,LA's BEST
1722001,7220,19647330106922,Maple PC,Traditional Schools,2021-2022,NA,NA,Youth Development Program
1724701,7247,19647336019566,Tulsa St El,Traditional Schools,2021-2022,NA,Youth Services,Youth Development Program
1726001,7260,19647336019574,Tweedy El,Traditional Schools,2021-2022,NA,Youth Services,Youth Development Program
1727401,7274,19647336019582,20th St El,Traditional Schools,2021-2022,Ready-Set-Go!,Youth Services,LA's BEST
1728801,7288,19647336019590,28th St El,Traditional Schools,2021-2022,Ready-Set-Go!,Youth Services,LA's BEST
1730101,7301,19647336019608,24th St El,Traditional Schools,2021-2022,NA,Youth Services,Youth Development Program
1732901,7329,19647336019616,232nd Pl El,Traditional Schools,2021-2022,NA,Youth Services,Gang Alternatives Program
1734201,7342,19647336018147,Meyler St El,Traditional Schools,2021-2022,NA,Youth Services,Youth Development Program
1735601,7356,19647336019624,Union Ave El,Traditional Schools,2021-2022,NA,Youth Services,Youth Development Program
1737001,7370,19647336019632,Utah St El,Traditional Schools,2021-2022,Ready-Set-Go!,Youth Services,LA's BEST
1738401,7384,19647336019640,Valerio St El,Traditional Schools,2021-2022,Ready-Set-Go!,Youth Services,Youth Development Program
1739001,7390,19647331931716,Lake Balboa CP K-12,Traditional Schools,2021-2022,NA,Youth Services,NA
1739701,7397,19647336019657,Valley View El,Traditional Schools,2021-2022,NA,Youth Services,LA's BEST
1739801,7398,19647330122184,Alta California El,Traditional Schools,2021-2022,NA,Youth Services,LA's BEST
1739901,7399,19647330122192,Korenstein El,Traditional Schools,2021-2022,NA,Youth Services,LA's BEST
1740001,7400,19647330122200,Vista del Valle Acad,Traditional Schools,2021-2022,NA,Youth Services,Youth Development Program
1740101,7401,19647330122218,Cardenas El,Traditional Schools,2021-2022,NA,Youth Services,LA's BEST
1740201,7402,19647330122226,Mosk El,Traditional Schools,2021-2022,NA,Youth Services,LA's BEST
1740401,7404,19647330122234,Santana Art Ac,Traditional Schools,2021-2022,NA,Youth Services,Youth Development Program
1740801,7408,19647330126599,Sylmar Ldshp Acad,Traditional Schools,2021-2022,NA,Youth Services,LA's BEST
1741101,7411,19647336019707,Vanalden Ave El,Traditional Schools,2021-2022,NA,Youth Services,Youth Development Program
1741901,7419,19647336019665,Van Deene Ave El,Traditional Schools,2021-2022,NA,Youth Services,Youth Development Program
1742201,7422,19647336019673,Van Gogh Chtr,Affiliated Charters,2021-2022,NA,Youth Services,NA
1742501,7425,19647336019681,Van Ness Ave El,Traditional Schools,2021-2022,NA,Youth Services,Boys & Girls Club of Carson
1743201,7432,19647336120679,Columbus Ave El,Traditional Schools,2021-2022,NA,Youth Services,LA's BEST
1743801,7438,19647336019699,Van Nuys El,Traditional Schools,2021-2022,Ready-Set-Go!,Youth Services,LA's BEST
1746601,7466,19647336019723,Vena Ave El,Traditional Schools,2021-2022,NA,Youth Services,LA's BEST
1747901,7479,19647336019731,Vermont Ave El,Traditional Schools,2021-2022,Ready-Set-Go!,Youth Services,Youth Development Program
1749301,7493,19647336019749,Vernon City El,Traditional Schools,2021-2022,Ready-Set-Go!,Youth Services,Woodcraft Rangers
1750701,7507,19647336019756,Victoria Ave El,Traditional Schools,2021-2022,NA,Youth Services,Youth Development Program
1752101,7521,19647336019764,Victory Blvd El,Traditional Schools,2021-2022,NA,Youth Services,LA's BEST
1753401,7534,19647336019772,Vine St El,Traditional Schools,2021-2022,NA,Youth Services,LA's BEST
1754801,7548,19647336019780,Vinedale College Prp,Traditional Schools,2021-2022,Ready-Set-Go!,Youth Services,LA's BEST
1756201,7562,19647336019798,Vintage El M/S/T Mag,Traditional Schools,2021-2022,NA,Youth Services,Youth Development Program
1756901,7569,19647330135996,BALA,Traditional Schools,2021-2022,NA,Youth Services,NA
1757401,7574,19647330135681,Mann UCLA Comm Sch,Traditional Schools,2021-2022,NA,Youth Services,YS Plus
1757501,7575,19647336019806,Virginia Rd El,Traditional Schools,2021-2022,NA,Youth Services,Kids 4 College
1758901,7589,19647336019814,Wadsworth Ave El,Traditional Schools,2021-2022,Ready-Set-Go!,Youth Services,Youth Development Program
1760301,7603,19647336019822,Walgrove Ave El,Traditional Schools,2021-2022,NA,Youth Services,STAR Education
1760401,7604,19647330133736,Science Ac STEM Mag,Traditional Schools,2021-2022,NA,Youth Services,NA
1761401,7614,19647330129585,Nava College Prep,Traditional Schools,2021-2022,NA,NA,UCLA
1761601,7616,19647336019830,Warner Ave El,Traditional Schools,2021-2022,NA,Youth Services,NA
1763001,7630,19647330109306,Washington PC,Traditional Schools,2021-2022,NA,NA,LA's BEST
1763401,7634,19647336019848,Weigand Ave El,Traditional Schools,2021-2022,NA,Youth Services,LA's BEST
1763701,7637,19647336019855,Welby Way CEl,Affiliated Charters,2021-2022,NA,Youth Services,NA
1764001,7640,19647330109439,Chavez El,Traditional Schools,2021-2022,NA,Youth Services,LA's BEST
1764401,7644,19647336019863,West Athens El,Traditional Schools,2021-2022,NA,Youth Services,Youth Development Program
1764901,7649,19647336019871,West Hollywood El,Traditional Schools,2021-2022,NA,Youth Services,LA's BEST
1765401,7654,19647336019889,West Vernon Ave El,Traditional Schools,2021-2022,Ready-Set-Go!,Youth Services,LA's BEST
1765801,7658,19647330130997,Sylmar Acad BH/E Mag,Traditional Schools,2021-2022,NA,NA,EduCare Foundation
1766701,7667,19647330126573,Dymally SH,Traditional Schools,2021-2022,NA,NA,UCLA
1767101,7671,19647336019905,Western Av TECH Mag,Traditional Schools,2021-2022,NA,Youth Services,L.A. Conservation Corps
1769901,7699,19647336019913,Westminster MTES Mag,Traditional Schools,2021-2022,NA,Youth Services,LA's BEST
1771201,7712,19647336019921,Westport Hts El,Traditional Schools,2021-2022,NA,Youth Services,STAR Education
1771601,7716,19647330124388,Chavez LA SJ Hum Ac,Traditional Schools,2021-2022,NA,NA,EduCare Foundation
1771801,7718,19647330124495,Rivera LC Com & Tech,Traditional Schools,2021-2022,NA,NA,EduCare Foundation
1771901,7719,19647330124503,Rivera LC GD STEAM Ac,Traditional Schools,2021-2022,NA,NA,EduCare Foundation
1772201,7722,19647330124479,Angelou Community SH,Traditional Schools,2021-2022,NA,NA,EduCare Foundation
1773401,7734,19647330125989,Bernstein SH STEM,Traditional Schools,2021-2022,NA,NA,EduCare Foundation
1774001,7740,19647336019939,Westwood CEl,Affiliated Charters,2021-2022,NA,Youth Services,NA
1774901,7749,19647331937424,Roosevelt SH,Traditional Schools,2021-2022,NA,NA,Salesian Family Youth Center
1776701,7767,19647336019947,White Point El,Traditional Schools,2021-2022,NA,Youth Services,NA
1777101,7771,19647330121095,RFK Ambsdr Glbl Ldsh,Traditional Schools,2021-2022,NA,Youth Services,YS Plus
1777101,7771,19647330121095,RFK Ambsdr Glbl Ldsh,Traditional Schools,2021-2022,NA,NA,EduCare Foundation
1777201,7772,19647330122374,Torres Renaissance,Traditional Schools,2021-2022,NA,NA,EduCare Foundation
1777301,7773,19647330122382,Torres Eng & Tech,Traditional Schools,2021-2022,NA,NA,EduCare Foundation
1777401,7774,19647336019954,Wilbur CEA,Affiliated Charters,2021-2022,NA,Youth Services,NA
1777501,7775,19647330122358,Torres Hum/Art/Tech,Traditional Schools,2021-2022,NA,NA,EduCare Foundation
1777701,7777,19647330122366,Torres HS SJLA Mag,Traditional Schools,2021-2022,NA,NA,EduCare Foundation
1778001,7780,19647330119693,RFK UCLA Comm Sch,Traditional Schools,2021-2022,NA,Youth Services,UCLA
1778101,7781,19647336019962,Wilmington Park El,Traditional Schools,2021-2022,NA,Youth Services,Boys & Girls Club of LA Harbor
1778301,7783,19647330119685,RFK New Open Wld,Traditional Schools,2021-2022,NA,Youth Services,Woodcraft Rangers
1778301,7783,19647330119685,RFK New Open Wld,Traditional Schools,2021-2022,NA,NA,EduCare Foundation
1779501,7795,19647336019970,Wilshire Crest El,Traditional Schools,2021-2022,NA,Youth Services,LA's BEST
1780801,7808,19647336019988,Wilton Pl El,Traditional Schools,2021-2022,Ready-Set-Go!,Youth Services,LA's BEST
1782201,7822,19647336019996,Windsor Hills El Mag,Traditional Schools,2021-2022,NA,Youth Services,Youth Development Program
1783601,7836,19647336020002,Winnetka Ave El,Traditional Schools,2021-2022,NA,Youth Services,LA's BEST
1784901,7849,19647336020010,Wonderland Ave El,Traditional Schools,2021-2022,NA,Youth Services,NA
1786301,7863,19647336020028,Woodcrest El,Traditional Schools,2021-2022,NA,Youth Services,Woodcraft Rangers
1787701,7877,19647336020036,Woodlake ECC,Affiliated Charters,2021-2022,NA,Youth Services,NA
1789001,7890,19647336020044,Woodland Hills CES,Affiliated Charters,2021-2022,NA,Youth Services,NA
1789501,7895,19647330140046,VOCES Mag,Traditional Schools,2021-2022,NA,Youth Services,NA
1789501,7895,19647330140046,VOCES Mag,Traditional Schools,2021-2022,NA,NA,EduCare Foundation
1790401,7904,19647336020051,Woodlawn Ave El,Traditional Schools,2021-2022,NA,Youth Services,Youth Development Program
1795901,7959,19647336020069,Yorkdale El,Traditional Schools,2021-2022,NA,Youth Services,LA's BEST
1800901,8009,19647336057855,Adams MS,Traditional Schools,2021-2022,NA,Youth Services,L.A. Conservation Corps
1802801,8028,19647336061394,Audubon MS,Traditional Schools,2021-2022,NA,Youth Services,YS Plus
1803801,8038,19647336057871,Bancroft MS,Traditional Schools,2021-2022,NA,Youth Services,LACER
1804501,8045,19647330119701,Castro MS,Traditional Schools,2021-2022,NA,Youth Services,A World Fit For Kids!
1804701,8047,19647336057889,Belvedere MS,Traditional Schools,2021-2022,NA,Youth Services,After School All Stars
1805701,8057,19647336061402,Berendo MS,Traditional Schools,2021-2022,Ready-Set-Go!,Youth Services,YS Plus
1805801,8058,19647330114199,Liechty MS,Traditional Schools,2021-2022,NA,Youth Services,Woodcraft Rangers
1806001,8060,19647336058143,Bethune MS,Traditional Schools,2021-2022,NA,Youth Services,YS Plus
1806201,8062,19647330112011,Clinton MS,Traditional Schools,2021-2022,NA,Youth Services,YS Plus
1806401,8064,19647330119735,Kim Academy,Traditional Schools,2021-2022,NA,Youth Services,YS Plus
1806601,8066,19647336057897,Burbank MS A/T/C Mag,Traditional Schools,2021-2022,NA,Youth Services,YS Plus
1807501,8075,19647336061410,Burroughs MS,Traditional Schools,2021-2022,NA,Youth Services,YS Plus
1808001,8080,19647336057905,Byrd MS,Traditional Schools,2021-2022,NA,Youth Services,Keep Youth Doing Something
1809001,8090,19647336057913,Carnegie MS,Traditional Schools,2021-2022,NA,Youth Services,YS Plus / L.A. Conservation Corps
1809401,8094,19647336057921,Carver MS,Traditional Schools,2021-2022,NA,Youth Services,Woodcraft Rangers
1810201,8102,19647336057947,Columbus MS,Traditional Schools,2021-2022,NA,Youth Services,YS Plus
1810301,8103,19647336066294,Curtiss MS,Traditional Schools,2021-2022,NA,Youth Services,L.A. Conservation Corps
1810401,8104,19647336057954,Dana MS,Traditional Schools,2021-2022,NA,Youth Services,Boys & Girls Club of LA Harbor
1810701,8107,19647336061584,Portola CM,Affiliated Charters,2021-2022,NA,Youth Services,YS Plus
1811001,8110,19647336061436,Dodson MS,Traditional Schools,2021-2022,NA,Youth Services,YS Plus
1811201,8112,19647336057962,Drew MS,Traditional Schools,2021-2022,NA,Youth Services,L.A. Conservation Corps
1811301,8113,19647336061444,Edison MS,Traditional Schools,2021-2022,NA,Youth Services,After School All Stars
1811601,8116,19647330117044,Romer MS,Traditional Schools,2021-2022,NA,Youth Services,YS Plus
1811701,8117,19647330106971,Vista MS,Traditional Schools,2021-2022,NA,Youth Services,YS Plus
1811801,8118,19647336068431,El Sereno MS,Traditional Schools,2021-2022,Ready-Set-Go!,Youth Services,Keep Youth Doing Something
1812301,8123,19647336057988,Emerson CC,Affiliated Charters,2021-2022,NA,Youth Services,Team Prime Time
1812701,8127,19647336057996,Fleming MS,Traditional Schools,2021-2022,NA,Youth Services,Boys & Girls Club of LA Harbor
1813201,8132,19647336061451,Foshay LC,Traditional Schools,2021-2022,NA,Youth Services,YS Plus
1813701,8137,19647336058275,Frost MS,Traditional Schools,2021-2022,NA,Youth Services,NA
1814201,8142,19647336058002,Fulton College Prep,Traditional Schools,2021-2022,NA,Youth Services,YS Plus
1814201,8142,19647336058002,Fulton College Prep,Traditional Schools,2021-2022,NA,NA,arc
1815101,8151,19647336061469,Gage MS,Traditional Schools,2021-2022,NA,Youth Services,Woodcraft Rangers
1815301,8153,19647330106989,Southeast MS,Traditional Schools,2021-2022,NA,Youth Services,After School All Stars
1816001,8160,19647336058028,Gompers MS,Traditional Schools,2021-2022,NA,Youth Services,YS Plus
1816801,8168,19647336058036,Griffith MS STEAM Mg,Traditional Schools,2021-2022,NA,Youth Services,After School All Stars
1816901,8169,19647336061477,Hale CA,Affiliated Charters,2021-2022,NA,Youth Services,NA
1817001,8170,19647336058044,Harte Prep MS,Traditional Schools,2021-2022,NA,Youth Services,YS Plus
1817401,8174,19647336061485,Henry MS,Traditional Schools,2021-2022,NA,Youth Services,A World Fit For Kids!
1817901,8179,19647336058051,Hollenbeck MS,Traditional Schools,2021-2022,NA,Youth Services,YS Plus / L.A. Conservation Corps
1818201,8182,19647336058069,Holmes MS,Traditional Schools,2021-2022,NA,Youth Services,arc
1818901,8189,19647336058077,Irving MS MME Mag,Traditional Schools,2021-2022,NA,Youth Services,LACER
1820001,8200,19647336115794,Los Angeles Acad MS,Traditional Schools,2021-2022,NA,Youth Services,YS Plus
1820601,8206,19647330117762,RFK Sch Vis Arts/Hum,Traditional Schools,2021-2022,NA,NA,EduCare Foundation
1820701,8207,19647330117721,Contreras LC ALC,Traditional Schools,2021-2022,NA,NA,A World Fit For Kids!
1820801,8208,19647336058085,King MS Mag Flm/Mdia,Traditional Schools,2021-2022,NA,Youth Services,LACER
1821701,8217,19647336058093,Lawrence MS,Traditional Schools,2021-2022,NA,Youth Services,YS Plus
1822601,8226,19647336061501,Le Conte MS,Traditional Schools,2021-2022,NA,Youth Services,LACER
1822801,8228,19647336058101,Maclay MS,Traditional Schools,2021-2022,NA,Youth Services,YS Plus
1823001,8230,19647336061519,Madison MS,Traditional Schools,2021-2022,NA,Youth Services,L.A. Conservation Corps
1823501,8235,19647336058127,Marina Del Rey MS,Traditional Schools,2021-2022,NA,Youth Services,Team Prime Time
1823701,8237,19647336061527,Markham MS,Traditional Schools,2021-2022,NA,Youth Services,Boys & Girls Club of Carson
1823801,8238,19647336058150,Millikan MS AC & PAM,Affiliated Charters,2021-2022,NA,Youth Services,NA
1824001,8240,19647336058168,Mount Gleason MS,Traditional Schools,2021-2022,NA,Youth Services,After School All Stars
1824501,8245,19647336061535,Cochran MS,Traditional Schools,2021-2022,NA,Youth Services,L.A. Conservation Corps
1825501,8255,19647336058176,Muir MS,Traditional Schools,2021-2022,NA,Youth Services,Boys & Girls Club of Carson
1825901,8259,19647336058184,Mulholland MS,Traditional Schools,2021-2022,NA,Youth Services,After School All Stars
1826401,8264,19647336058192,Nightingale MS,Traditional Schools,2021-2022,NA,Youth Services,L.A. Conservation Corps
1826801,8268,19647336057939,Nimitz MS,Traditional Schools,2021-2022,NA,Youth Services,Woodcraft Rangers
1827201,8272,19647336061543,Nobel CMS,Affiliated Charters,2021-2022,NA,Youth Services,NA
1828301,8283,19647336058200,Northridge MS,Traditional Schools,2021-2022,NA,Youth Services,Keep Youth Doing Something
1830601,8306,19647336061550,Olive Vista MS,Traditional Schools,2021-2022,NA,Youth Services,L.A. Conservation Corps
1832101,8321,19647336058218,Pacoima MS,Traditional Schools,2021-2022,NA,Youth Services,L.A. Conservation Corps
1834001,8340,19647336058226,Palms MS,Traditional Schools,2021-2022,NA,Youth Services,NA
1834401,8344,19647336061568,Woodland Hills Acad,Traditional Schools,2021-2022,NA,Youth Services,Keep Youth Doing Something
1835201,8352,19647336061576,Peary MS,Traditional Schools,2021-2022,NA,Youth Services,L.A. Conservation Corps
1835401,8354,19647336058242,Porter MS,Traditional Schools,2021-2022,NA,Youth Services,After School All Stars
1835501,8355,19647336062699,Reed MS,Traditional Schools,2021-2022,NA,Youth Services,YS Plus
1835601,8356,19647336058267,Revere CMS,Affiliated Charters,2021-2022,NA,Youth Services,NA
1835801,8358,19647336058283,San Fernando MS,Traditional Schools,2021-2022,NA,Youth Services,YS Plus
1836301,8363,19647336058291,Sepulveda MS,Traditional Schools,2021-2022,NA,Youth Services,YS Plus
1837701,8377,19647336058309,South Gate MS,Traditional Schools,2021-2022,NA,Youth Services,Woodcraft Rangers
1838701,8387,19647336058317,Stevenson CCP,Traditional Schools,2021-2022,NA,Youth Services,L.A. Conservation Corps
1839001,8390,19647330126458,Walnut Park MS SJ/SL,Traditional Schools,2021-2022,NA,Youth Services,Woodcraft Rangers
1839601,8396,19647336061600,Sun Valley Mag ET,Traditional Schools,2021-2022,NA,Youth Services,YS Plus
1840601,8406,19647336058325,Sutter MS,Traditional Schools,2021-2022,NA,Youth Services,YS Plus
1842501,8425,19647336058135,Mark Twain MS,Traditional Schools,2021-2022,NA,Youth Services,Boys & Girls Club of Carson
1843401,8434,19647336058333,Van Nuys MS,Traditional Schools,2021-2022,NA,Youth Services,YS Plus
1846201,8462,19647336058341,Virgil MS,Traditional Schools,2021-2022,Ready-Set-Go!,Youth Services,A World Fit For Kids! / Bresee Foundation
1848101,8481,19647336058358,Webster MS,Traditional Schools,2021-2022,NA,Youth Services,Team Prime Time
1848701,8487,19647336058366,White MS,Traditional Schools,2021-2022,NA,Youth Services,YS Plus
1849001,8490,19647336058374,Wilmington STEAM Mag,Traditional Schools,2021-2022,NA,Youth Services,Boys & Girls Club of LA Harbor
1849301,8493,19647336058382,Wright Eng Des Mag,Traditional Schools,2021-2022,NA,Youth Services,YS Plus
1850101,8501,19647330117747,RFK LA SH Arts,Traditional Schools,2021-2022,NA,NA,EduCare Foundation
1851701,8517,19647330112029,Contreras LC Bus Tr,Traditional Schools,2021-2022,NA,NA,A World Fit For Kids!
1852901,8529,19647331930650,Banning SH,Traditional Schools,2021-2022,NA,NA,Boys & Girls Club of LA Harbor
1853601,8536,19647331930866,Bell SH,Traditional Schools,2021-2022,NA,NA,EduCare Foundation
1854301,8543,19647331930924,Belmont SH,Traditional Schools,2021-2022,NA,NA,A World Fit For Kids!
1854401,8544,19647330117051,Roybal LC,Traditional Schools,2021-2022,NA,NA,arc
1857101,8571,19647331931476,Canoga Prk SH,Traditional Schools,2021-2022,NA,NA,Boys & Girls Club of Carson
1857501,8575,19647331931526,Carson SH,Traditional Schools,2021-2022,NA,NA,Boys & Girls Club of Carson
1857701,8577,19647330124412,Sotomayor Art/Sci Mag,Traditional Schools,2021-2022,NA,Youth Services,Team Prime Time
1857701,8577,19647330124412,Sotomayor Art/Sci Mag,Traditional Schools,2021-2022,NA,NA,UCLA
1859601,8596,19647331932128,Crenshaw Mag STEMM,Traditional Schools,2021-2022,NA,NA,Children Youth Family Collaborative
1860001,8600,19647331932383,Dorsey SH,Traditional Schools,2021-2022,NA,NA,Children Youth Family Collaborative
1860601,8606,19647330122341,Torres ELA PA Mag,Traditional Schools,2021-2022,NA,NA,EduCare Foundation
1860701,8607,19647330112037,East Valley SH,Traditional Schools,2021-2022,NA,NA,Keep Youth Doing Something
1860901,8609,19647330112045,Arleta SH,Traditional Schools,2021-2022,NA,NA,Keep Youth Doing Something
1861001,8610,19647330112052,Panorama SH,Traditional Schools,2021-2022,NA,NA,EduCare Foundation
1861101,8611,19647330119966,Mendez SH,Traditional Schools,2021-2022,NA,NA,Legacy LA
1861401,8614,19647331932540,Eagle Rock HS,Traditional Schools,2021-2022,NA,NA,A World Fit For Kids!
1861401,8614,19647331932540,Eagle Rock HS,Traditional Schools,2021-2022,NA,Youth Services,A World Fit For Kids!
1861801,8618,19647331939859,Wilson SH,Traditional Schools,2021-2022,NA,NA,Legacy LA
1862101,8621,19647331932920,Fairfax SH,Traditional Schools,2021-2022,NA,NA,LACER
1863601,8636,19647331932987,Polytechnic SH,Traditional Schools,2021-2022,NA,NA,Keep Youth Doing Something
1864301,8643,19647331933043,Franklin HS,Traditional Schools,2021-2022,NA,NA,UCLA
1865001,8650,19647331933118,Fremont SH,Traditional Schools,2021-2022,NA,NA,arc
1866401,8664,19647331933241,Gardena SH,Traditional Schools,2021-2022,NA,NA,arc
1867901,8679,19647331933381,Garfield SH,Traditional Schools,2021-2022,NA,NA,arc
1868301,8683,19647331933795,Grant SH,Traditional Schools,2021-2022,NA,NA,arc
1868601,8686,19647331933852,Hamilton SH,Traditional Schools,2021-2022,NA,NA,UCLA
1869301,8693,19647331934033,Hollywood SH,Traditional Schools,2021-2022,NA,NA,LACER
1870001,8700,19647331934157,Huntngtn Pk SH,Traditional Schools,2021-2022,NA,NA,Woodcraft Rangers
1870101,8701,19647330107011,International St LC,Traditional Schools,2021-2022,NA,Youth Services,Woodcraft Rangers
1871301,8713,19647330126482,Hawkins SH C/DAGS,Traditional Schools,2021-2022,NA,NA,EduCare Foundation
1871401,8714,19647331934371,Jefferson SH,Traditional Schools,2021-2022,NA,NA,UCLA
1871601,8716,19647330109447,Santee EC,Traditional Schools,2021-2022,NA,NA,A World Fit For Kids!
1872101,8721,19647331934454,Jordan SH,Traditional Schools,2021-2022,NA,NA,EduCare Foundation
1872501,8725,19647331939941,Kennedy SH,Traditional Schools,2021-2022,NA,NA,arc
1872701,8727,19647331933001,King-Drew SH Md/S Mg,Traditional Schools,2021-2022,NA,NA,Boys & Girls Club of Carson
1872901,8729,19647331935121,Lincoln SH,Traditional Schools,2021-2022,NA,NA,EduCare Foundation
1873601,8736,19647331935352,Los Angeles SH,Traditional Schools,2021-2022,NA,NA,arc
1873801,8738,19647331932888,DBM,Traditional Schools,2021-2022,NA,NA,EduCare Foundation
1874101,8741,19647331932847,LACES Mag,Traditional Schools,2021-2022,NA,Youth Services,NA
1874301,8743,19647331935519,Manual Arts SH,Traditional Schools,2021-2022,NA,NA,Woodcraft Rangers
1874801,8748,19647330114850,West Adams Prep SH,Traditional Schools,2021-2022,NA,NA,Woodcraft Rangers
1875001,8750,19647331935568,Marshall SH,Traditional Schools,2021-2022,NA,NA,LACER
1876801,8768,19647331935865,Monroe SH,Traditional Schools,2021-2022,NA,NA,Keep Youth Doing Something
1877901,8779,19647331936160,Narbonne SH,Traditional Schools,2021-2022,NA,NA,Boys & Girls Club of LA Harbor
1878601,8786,19647331936350,No Hollywd SH,Traditional Schools,2021-2022,NA,NA,LACER
1881401,8814,19647331937226,Reseda Charter HS,Affiliated Charters,2021-2022,NA,NA,arc
1881401,8814,19647331937226,Reseda Charter HS,Affiliated Charters,2021-2022,NA,Youth Services,NA
1884201,8842,19647331933233,SOCES Mag,Traditional Schools,2021-2022,NA,Youth Services,NA
1884301,8843,19647331937622,San Fernando SH,Traditional Schools,2021-2022,NA,NA,EduCare Foundation
1885001,8850,19647331937838,San Pedro SH,Traditional Schools,2021-2022,NA,NA,Boys & Girls Club of LA Harbor
1886801,8868,19647330124529,Rancho Domngz Prep,Traditional Schools,2021-2022,NA,Youth Services,Boys & Girls Club of Carson
1887101,8871,19647331938307,South Gate SH,Traditional Schools,2021-2022,NA,NA,arc
1887801,8878,19647331938554,Sylmar CHS,Affiliated Charters,2021-2022,NA,NA,EduCare Foundation
1888101,8881,19647330109454,South East SH,Traditional Schools,2021-2022,NA,NA,Woodcraft Rangers
1888201,8882,19647330109462,Maywood Academy SH,Traditional Schools,2021-2022,NA,NA,arc
1888601,8886,19647331938885,University HS Charter,Affiliated Charters,2021-2022,NA,NA,UCLA
1889301,8893,19647331938968,Van Nuys SH,Traditional Schools,2021-2022,NA,NA,EduCare Foundation
1890701,8907,19647331939040,Venice SH,Traditional Schools,2021-2022,NA,NA,Boys & Girls Club of Carson
1891701,8917,19647330135855,MaCES Mag,Traditional Schools,2021-2022,NA,Youth Services,YS Plus
1892801,8928,19647331939305,Washington Prep SH,Traditional Schools,2021-2022,NA,NA,EduCare Foundation
